run_id,runtime
1,589.5416088529164
3,587.2910983910551
0,451.01316210301593
2,448.6649681769777
4,492.31708841305226
