run_id,runtime
1,49547.76558357093
2,49600.78321059805
0,50770.726968792034
3,50831.37231874291
4,52256.014967581956
