run_id,runtime
1,50788.31452463893
3,50990.531533577014
0,51214.382383134915
2,52401.159159431
4,52736.543963022996
