run_id,runtime
4,334681.010907808
2,335796.03350919305
3,337186.757168938
1,338503.685988085
0,338717.60208378104
