run_id,runtime
4,1871.2478374380153
2,504.18260493001435
0,512.6434568470577
3,478.5667913099751
1,433.8725155260181
